id,name,smiles,note
1,CHEMBL572878,Cc1cc(Nc2cc(N3CCN(C)CC3)nc(Sc3ccc(NC(=O)C4CC4)cc3)n2)n[nH]1
2,CHEMBL574738,CCN1CCN(Cc2ccc(NC(=O)Nc3ccc(Oc4cc(NC)ncn4)cc3)cc2C(F)(F)F)CC1
3,CHEMBL477772,Cc1ccc(Nc2nccc(N(C)c3ccc4c(C)n(C)nc4c3)n2)cc1S(N)(=O)=O
4,CHEMBL522892,CN1CCN(c2ccc3nc(-c4c(N)c5c(F)cccc5[nH]c4=O)[nH]c3c2)CC1
5,CHEMBL535,CCN(CC)CCNC(=O)c1c(C)[nH]c(/C=C2\C(=O)Nc3ccc(F)cc32)c1C
6,CHEMBL1721885,Cc1[nH]c(/C=C2\C(=O)Nc3ccc(F)cc32)c(C)c1C(=O)NC[C@H](O)CN1CCOCC1
7,CHEMBL191003,Nc1nc(Nc2ccc(S(N)(=O)=O)cc2)nn1C(=O)c1c(F)cccc1F
8,CHEMBL223360,Cc1ccc(F)c(NC(=O)Nc2ccc(-c3cccc4[nH]nc(N)c34)cc2)c1
9,CHEMBL572881,CC1(C)CNc2cc(NC(=O)c3cccnc3NCc3ccncc3)ccc21
10,CHEMBL261849,COc1ccc(COc2ccc(Cc3cnc(N)nc3N)cc2OC)cc1
11,CHEMBL24828,COc1cc2/c(=N/c3ccc(Br)cc3F)nc[nH]c2cc1OCC1CCN(C)CC1
12,CHEMBL10,C[S+]([O-])c1ccc(-c2nc(-c3ccc(F)cc3)c(-c3ccncc3)[nH]2)cc1
13,CHEMBL103667,Cc1ccc(-n2nc(C(C)(C)C)cc2NC(=O)Nc2ccc(OCCN3CCOCC3)c3ccccc23)cc1
14,CHEMBL221959,C[C@@H]1CCN(C(=O)CC#N)C[C@@H]1N(C)c1ncnc2[nH]ccc12
15,CHEMBL91829,CN(C)C[C@@H]1CCn2cc(c3ccccc32)C2=C(C(=O)NC2=O)c2cn(c3ccccc23)CCO1
16,CHEMBL483321,COCC(=O)NC/C=C/c1ccc2ncnc(Nc3ccc(Oc4ccc(C)nc4)c(C)c3)c2c1
17,CHEMBL259084,O=C(O)c1ccc(Nc2ncc3c(n2)-c2ccc(Cl)cc2C(c2c(F)cccc2F)=NC3)cc1
18,CHEMBL124660,COc1cc2c(N3CCN(C(=O)Nc4ccc(OC(C)C)cc4)CC3)ncnc2cc1OCCCN1CCCCC1
19,CHEMBL573339,Oc1cccc(-c2nc(N3CCOCC3)c3oc4ncccc4c3n2)c1
20,CHEMBL440084,NC(=O)c1ccc(-c2nc(-c3ccccn3)c(-c3ccc4c(c3)OCO4)[nH]2)cc1
21,CHEMBL119385,O=c1ncn2nc(Sc3ccc(F)cc3F)ccc2c1-c1c(Cl)cccc1Cl
22,CHEMBL553,C#Cc1cccc(Nc2ncnc3cc(OCCOC)c(OCCOC)cc23)c1
23,CHEMBL14762,CC[C@H](CO)Nc1nc(NCc2ccccc2)c2ncn(C(C)C)c2n1
24,CHEMBL554,CS(=O)(=O)CCNCc1ccc(-c2ccc3ncnc(Nc4ccc(OCc5cccc(F)c5)c(Cl)c4)c3c2)o1
25,CHEMBL608533,CO[C@@H]1[C@H](N(C)C(=O)c2ccccc2)C[C@H]2O[C@]1(C)n1c3ccccc3c3c4c(c5c6ccccc6n2c5c31)C(=O)NC4
26,CHEMBL101253,Clc1ccc(Nc2nnc(Cc3ccncc3)c3ccccc23)cc1
27,CHEMBL939,COc1cc2ncnc(Nc3ccc(F)c(Cl)c3)c2cc1OCCCN1CCOCC1
28,CHEMBL31965,C=CC(=O)Nc1cc2c(Nc3ccc(F)c(Cl)c3)ncnc2cc1OCCCN1CCOCC1
29,CHEMBL607707,CCOc1cc2ncc(C#N)c(Nc3ccc(F)c(Cl)c3)c2cc1NC(=O)/C=C/CN(C)C
30,CHEMBL1421,Cc1nc(Nc2ncc(C(=O)Nc3c(C)cccc3Cl)s2)cc(N2CCN(CCO)CC2)n1
31,CHEMBL428690,CN1CC[C@H](c2c(O)cc(O)c3c(=O)cc(-c4ccccc4Cl)oc23)[C@H](O)C1
32,CHEMBL1336,CNC(=O)c1cc(Oc2ccc(NC(=O)Nc3ccc(Cl)c(C(F)(F)F)c3)cc2)ccn1
33,CHEMBL941,Cc1ccc(NC(=O)c2ccc(CN3CCN(C)CC3)cc2)cc1Nc1nccc(-c2cccnc2)n1
34,CHEMBL278041,Oc1ccc(-c2nc(-c3ccc(F)cc3)c(-c3ccncc3)[nH]2)cc1
35,CHEMBL296468,CC(C)(C)c1cnc(CSc2cnc(NC(=O)C3CCNCC3)s2)o1
36,CHEMBL388978,CN[C@@H]1C[C@H]2O[C@@](C)([C@@H]1OC)n1c3ccccc3c3c4c(c5c6ccccc6n2c5c31)C(=O)NC4
37,CHEMBL558752,Cn1c(Nc2ccc(C(F)(F)F)cc2)nc2cc(Oc3ccnc(-c4ncc(C(F)(F)F)[nH]4)c3)ccc21
38,CHEMBL215152,CCN(CCO)CCCOc1ccc2c(Nc3cc(CC(=O)Nc4cccc(F)c4)[nH]n3)ncnc2c1
39,CHEMBL370438,CN1C(=O)N[C@H](Cc2c[nH]c3c(Cl)cccc23)C1=O
40,CHEMBL195008,CN1C(=O)C(Cc2c[nH]c3ccccc23)NC1=S
41,CHEMBL576982,CC(C)(C)c1cc(NC(=O)Nc2ccc(-c3cn4c(n3)sc3cc(OCCN5CCOCC5)ccc34)cc2)no1
42,CHEMBL603469,C[C@]12O[C@H](C[C@]1(O)CO)n1c3ccccc3c3c4c(c5c6ccccc6n2c5c31)CNC4=O
43,CHEMBL1240703,CO[C@@H]1[C@H](N(C)C(=O)c2ccccc2)C[C@H]2O[C@]1(C)n1c3ccccc3c3c4c(c5c6ccccc6n2c5c31)C(=O)N[C@H]4O
44,CHEMBL1908397,O=C(c1ccc(/C=C/c2n[nH]c3ccccc23)cc1)N1CCNCC1
45,CHEMBL502835,COC(=O)c1ccc2c(c1)NC(=O)/C2=C(\Nc1ccc(N(C)C(=O)CN2CCN(C)CC2)cc1)c1ccccc1
46,CHEMBL1908395,CN(C)CC(=O)N1CCC(c2ccc(NC(=O)c3nc(C#N)c[nH]3)c(C3=CCCCC3)c2)CC1.Cl
47,CHEMBL1230609,COc1cc2c(Oc3ccc(NC(=O)C4(C(=O)Nc5ccc(F)cc5)CC4)cc3F)ccnc2cc1OCCCN1CCOCC1
48,CHEMBL450786,Cc1[nH]c(/C=C2\C(=O)Nc3ccc(S(=O)(=O)Cc4c(Cl)cccc4Cl)cc32)c(C)c1C(=O)N1CCC[C@@H]1CN1CCCC1
49,CHEMBL601719,C[C@@H](Oc1cc(-c2cnn(C3CCNCC3)c2)cnc1N)c1c(Cl)ccc(F)c1Cl
50,CHEMBL1289926,CNC(=O)c1ccccc1Sc1ccc2c(/C=C/c3ccccn3)n[nH]c2c1
51,CHEMBL386051,CSc1cccc(Nc2ncc3cc(-c4c(Cl)cccc4Cl)c(=O)n(C)c3n2)c1
52,CHEMBL1230020,CCCS(=O)(=O)Nc1ccc(F)c(C(=O)c2c[nH]c3ncc(Cl)cc23)c1F
53,CHEMBL1287853,Cc1cnc(Nc2ccc(OCCN3CCCC3)cc2)nc1Nc1cccc(S(=O)(=O)NC(C)(C)C)c1
54,CHEMBL1908394,C[C@@H](Oc1cc(-n2cnc3ccc(CN4CCN(C)CC4)cc32)sc1C(N)=O)c1ccccc1C(F)(F)F
55,CHEMBL491473,COc1cc2c(Oc3ccc4[nH]c(C)cc4c3F)ncnc2cc1OCCCN1CCCC1
56,CHEMBL105442,O=C(NOCC1CC1)c1ccc(F)c(F)c1Nc1ccc(I)cc1Cl
57,CHEMBL509032,COc1cc(N2CCC(N3CCN(C)CC3)CC2)ccc1Nc1ncc(Cl)c(Nc2ccccc2S(=O)(=O)C(C)C)n1
58,CHEMBL377300,Cc1cc2c(F)c(Oc3ncnn4cc(OC[C@@H](C)O)c(C)c34)ccc2[nH]1
59,CHEMBL494089,CCn1c(-c2nonc2N)nc2c(C#CC(C)(C)O)ncc(OC[C@H]3CCCNC3)c21
60,CHEMBL513909,CC[C@@H]1C(=O)N(C)c2cnc(Nc3ccc(C(=O)NC4CCN(C)CC4)cc3OC)nc2N1C1CCCC1
61,CHEMBL1173655,CN(C)C/C=C/C(=O)Nc1cc2c(Nc3ccc(F)c(Cl)c3)ncnc2cc1O[C@H]1CCOC1
62,CHEMBL249697,Cc1ccc2nc(NCCN)c3ncc(C)n3c2c1
63,CHEMBL255863,Cc1cn(-c2cc(NC(=O)c3ccc(C)c(Nc4nccc(-c5cccnc5)n4)c3)cc(C(F)(F)F)c2)cn1
64,CHEMBL1908396,COc1cc(Oc2ccnc3cc(OC)c(OC)cc23)ccc1NC(=O)NC(C)c1nccs1
65,CHEMBL1614701,Cn1cnc2c(F)c(Nc3ccc(Br)cc3Cl)c(C(=O)NOCCO)cc21
66,CHEMBL288441,COc1cc(Nc2c(C#N)cnc3cc(OCCCN4CCN(C)CC4)c(OC)cc23)c(Cl)cc1Cl
67,CHEMBL525191,OCCn1cc(-c2ccc3c(c2)CC/C3=N\O)c(-c2ccncc2)n1
68,CHEMBL384304,COc1ccc(F)c(F)c1C(=O)c1cnc(NC2CCN(S(C)(=O)=O)CC2)nc1N
69,CHEMBL1789941,N#CC[C@H](C1CCCC1)n1cc(-c2ncnc3[nH]ccc23)cn1
70,CHEMBL521851,CS(=O)(=O)N1CCN(Cc2cc3nc(-c4cccc5[nH]ncc45)nc(N4CCOCC4)c3s2)CC1
71,CHEMBL180022,CCOc1cc2ncc(C#N)c(Nc3ccc(OCc4ccccn4)c(Cl)c3)c2cc1NC(=O)/C=C/CN(C)C
72,CHEMBL379218,Cc1n[nH]c2ccc(-c3cncc(OC[C@@H](N)Cc4ccccc4)c3)cc12
73,CHEMBL608154,COc1c(Cl)cc2c([nH]c3cnccc32)c1NC(=O)c1cccnc1C
74,CHEMBL464552,CNC(=O)c1c(F)cccc1Nc1nc(Nc2cc3c(cc2OC)CCN3C(=O)CN(C)C)nc2[nH]ccc12
75,CHEMBL1908391,Cc1ccc(NC(=O)c2ccc(CN3CCN(C)CC3)cc2)cc1Nc1nc(-c2cccnc2)cs1
76,CHEMBL230011,Nc1nc(N)c2nc(-c3cccc(O)c3)c(-c3cccc(O)c3)nc2n1
77,CHEMBL475251,COc1cc(Nc2ncc(F)c(Nc3ccc4c(n3)NC(=O)C(C)(C)O4)n2)cc(OC)c1OC
78,CHEMBL1241674,CC(C)n1nc(-c2cc3cc(O)ccc3[nH]2)c2c(N)ncnc21
79,CHEMBL1236107,Cn1cc(-c2ccc3nnc(Sc4ccc5ncccc5c4)n3n2)cn1
80,CHEMBL300138,Cn1cc(C2=C(c3cn(C4CCN(Cc5ccccn5)CC4)c4ccccc34)C(=O)NC2=O)c2ccccc21
81,CHEMBL445813,O=C(NC1CCNCC1)c1n[nH]cc1NC(=O)c1c(Cl)cccc1Cl
82,CHEMBL3109209,O=C(Nc1cccc(-c2c[nH]c3ncc(-c4cccnc4)cc23)c1)Nc1cc(C(F)(F)F)ccc1F
83,CHEMBL3109213,Nc1ccc(-c2cnc3[nH]cc(-c4cccc(NC(=O)Nc5cc(C(F)(F)F)ccc5F)c4)c3c2)cc1
84,CHEMBL3109212,Nc1cccc(-c2cnc3[nH]cc(-c4cccc(NC(=O)Nc5cc(C(F)(F)F)ccc5F)c4)c3c2)c1
85,CHEMBL3109194,CCS(=O)(=O)c1ccc(-c2cnc3[nH]cc(-c4cccc(NC(=O)Nc5cc(C(F)(F)F)ccc5F)c4)c3c2)cc1
86,CHEMBL3109211,CS(=O)(=O)c1cccc(-c2cnc3[nH]cc(-c4cccc(NC(=O)Nc5cc(C(F)(F)F)ccc5F)c4)c3c2)c1
87,CHEMBL3109214,O=C(Nc1cccc(-c2c[nH]c3ncc(-c4cn[nH]c4)cc23)c1)Nc1cc(C(F)(F)F)ccc1F
88,CHEMBL3109210,NC(=O)c1cccc(-c2cnc3[nH]cc(-c4cccc(NC(=O)Nc5cc(C(F)(F)F)ccc5F)c4)c3c2)c1
89,CHEMBL3109204,O=C(Nc1cccc(-c2c[nH]c3ncc(-c4ccccc4)cc23)c1)Nc1cccc(C(F)(F)F)c1
90,CHEMBL3109207,O=C(Nc1cccc(-c2c[nH]c3ncc(-c4ccccc4)cc23)c1)Nc1cc(C(F)(F)F)ccc1F
91,CHEMBL3108785,Cc1cccc(NC(=O)Nc2cccc(-c3c[nH]c4ncc(-c5ccccc5)cc34)c2)c1
92,CHEMBL3109221,CC(C)(C)c1cc(NC(=O)Nc2ccc(-c3coc4ncnc(N)c34)cc2)no1
93,CHEMBL3109219,CCc1cccc(NC(=O)Nc2ccc(-c3coc4ncnc(N)c34)cc2)c1
94,CHEMBL247228,Nc1ncnc2occ(-c3ccc(NC(=O)Nc4cc(C(F)(F)F)ccc4F)cc3)c12
95,CHEMBL3109203,O=C(Nc1cccc(-c2c[nH]c3ncc(-c4ccccc4)cc23)c1)Nc1cccc([N+](=O)[O-])c1
96,CHEMBL3109206,CC(=O)c1cccc(NC(=O)Nc2cccc(-c3c[nH]c4ncc(-c5ccccc5)cc34)c2)c1
97,CHEMBL3109205,COc1cccc(NC(=O)Nc2cccc(-c3c[nH]c4ncc(-c5ccccc5)cc34)c2)c1
98,CHEMBL550273,O=C(Nc1ccccc1)Nc1cccc(-c2c[nH]c3ncc(-c4ccccc4)cc23)c1
99,CHEMBL3109202,CC(C)(C)c1cc(NC(=O)Nc2ccc(-c3cccc4c(N)nccc34)cc2)no1
100,CHEMBL3109196,Nc1nccc2c(-c3ccc(NC(=O)Nc4cc(C(F)(F)F)ccc4F)cc3)cccc12
101,CHEMBL3109195,Nc1nccc2c(-c3ccc(NC(=O)Nc4cccc(C(F)(F)F)c4)cc3)cccc12
102,CHEMBL436806,Nc1ncnc2occ(-c3ccc(NC(=O)Nc4ccc5ccccc5c4)cc3)c12
103,CHEMBL273564,Nc1ncnc2occ(-c3ccc(NC(=O)Nc4cccc(C(F)(F)F)c4)cc3)c12
104,CHEMBL3109218,Nc1ncnc2occ(-c3ccc(NC(=O)Nc4ccc(Cl)c(C(F)(F)F)c4)cc3)c12
105,CHEMBL3109215,Nc1ncnc2occ(-c3ccc(NC(=O)Nc4ccc(F)c(C(F)(F)F)c4)cc3)c12
106,CHEMBL3109200,Nc1nccc2c(-c3ccc(NC(=O)Nc4ccc(Cl)c(C(F)(F)F)c4)cc3)cccc12
107,CHEMBL3109198,Nc1nccc2c(-c3ccc(NC(=O)Nc4ccc(F)c(C(F)(F)F)c4)cc3)cccc12
108,CHEMBL3109197,Nc1nccc2c(-c3ccc(NC(=O)Nc4cc(F)cc(C(F)(F)F)c4)cc3)cccc12
109,CHEMBL3109216,Nc1ncnc2occ(-c3ccc(NC(=O)Nc4cc(F)cc(C(F)(F)F)c4)cc3)c12
110,CHEMBL396107,Nc1ncnc2occ(-c3ccc(NC(=O)Nc4cc(C(F)(F)F)cc(C(F)(F)F)c4)cc3)c12
111,CHEMBL3109220,Nc1ncnc2occ(-c3ccc(NC(=O)Nc4cccc(Cl)c4)cc3)c12
112,CHEMBL3109208,O=C(Nc1cccc(-c2c[nH]c3ncc(-c4ccccc4)cc23)c1)NC1CCCC1
113,CHEMBL437369,Nc1ncnc2occ(-c3ccc(NC(=O)Nc4cc(C(F)(F)F)ccc4Cl)cc3)c12
114,CHEMBL3109217,Nc1ncnc2occ(-c3ccc(NC(=O)Nc4cccc(C(F)(F)F)c4F)cc3)c12
115,CHEMBL3109201,Nc1nccc2c(-c3ccc(NC(=O)Nc4cc(C(F)(F)F)ccc4Cl)cc3)cccc12
116,CHEMBL3109199,Nc1nccc2c(-c3ccc(NC(=O)Nc4cccc(C(F)(F)F)c4F)cc3)cccc12
117,CHEMBL3785703,CN1C(=O)[C@@H](NC(=O)c2cc(Cc3ccccc3)on2)COc2ccccc21
118,CHEMBL3786293,O=C(N[C@H]1COc2ccccc2NC1=O)c1cc(Cc2ccccc2)on1
119,CHEMBL3786162,O=C(N[C@H]1COc2ccccc2NC1=O)c1cccc(Oc2ccccc2)c1
120,CHEMBL3786778,CCCCCc1cc(C(=O)N[C@H]2COc3ccccc3NC2=O)n[nH]1
121,CHEMBL3787216,O=C(N[C@@H]1COc2ccccc2NC1=O)c1cc(Cc2ccccc2)on1
122,CHEMBL3786078,CN1C(=O)[C@@H](NC(=O)c2cc(Cc3ccccc3)on2)CNc2ccccc21
123,CHEMBL3785745,CN1C(=O)[C@@H](NC(=O)c2cc(Cc3ccccc3)on2)CSc2ccccc21
124,CHEMBL3787689,O=C(N[C@H]1CNc2ccccc2NC1=O)c1cc(Cc2ccccc2)on1
125,CHEMBL3785838,O=C(N[C@H]1CS(=O)(=O)c2ccccc2NC1=O)c1cc(Cc2ccccc2)on1
126,CHEMBL3786660,CN1C(=O)[C@@H](NC(=O)c2cc(Cc3cccc(C4(C(F)(F)F)N=N4)c3)[nH]n2)COc2ccccc21
127,CHEMBL3787617,CN1C(=O)[C@@H](NC(=O)c2cc(Cc3ccccc3)on2)CCc2cc(C3(C(F)(F)F)N=N3)ccc21
128,CHEMBL3786997,CN1C(=O)[C@@H](NC(=O)c2cc(Cc3ccccc3)on2)CCc2ccccc21
129,CHEMBL3785482,CN1C(=O)[C@@H](NC(=O)c2cc(Cc3ccccc3)[nH]n2)COc2ccccc21
130,CHEMBL4092421,CCC(C)(C)C(=O)N(O)Cc1ccccc1
131,CHEMBL4085167,CCC(C)(C)C(=O)N(C)Cc1cc(F)cc(F)c1F
132,CHEMBL4076443,CCC(C)(C)C(=O)N(C)Cc1cc(F)ccc1F
133,CHEMBL4083065,CCC(C)(C)C(=O)N(O)Cc1cc(F)c(F)c(F)c1
134,CHEMBL4072591,CCC(C)(C)C(=O)N(O)Cc1ccc(F)c(F)c1
135,CHEMBL4101314,CCC(C)(C)C(=O)N(C)Cc1cccc(F)c1F
136,CHEMBL4063996,CCC(C)(C)C(=O)N(O)Cc1ccc(F)cc1
137,CHEMBL4096278,CCC(C)(C)C(=O)N(C)Cc1cccc(F)c1
138,CHEMBL4061192,CCC(C)(C)C(=O)N(O)Cc1cc(F)cc(F)c1F
139,CHEMBL4083937,CN(Cc1cc(F)cc(F)c1F)C(=O)C(C)(C)C
140,CHEMBL4059584,CCC(C)(C)C(=O)N(C)Cc1ccccc1F
141,CHEMBL4091760,CCC(C)(C)C(=O)N(O)Cc1ccc(F)cc1F
142,CHEMBL4096270,CCC(C)(C)C(=O)N(C)Cc1cccs1
143,CHEMBL4099502,CCC(C)(C)C(=O)N(O)Cc1ccc(F)c(F)c1F
144,CHEMBL4068805,CCC(C)(C)C(=O)N(C)Cc1ccc(C)s1
145,CHEMBL4082828,CCC(C)(C)C(=O)N(C)Cc1ccccc1
146,CHEMBL4084908,CN(Cc1cc(F)cc(F)c1F)C(=O)C1(C)CCCCC1
147,CHEMBL4087013,CCC(C)(C)C(=O)N(C)Cc1ccc(F)cc1F
148,CHEMBL4078224,CCC(C)(C)C(=O)N(C)Cc1cccc(Cl)c1
149,CHEMBL4076266,CCC(C)(C)C(=O)N(C)Cc1ccco1
150,CHEMBL4092663,CN(Cc1cc(F)cc(F)c1F)C(=O)C1(C(F)(F)F)CCC1
151,CHEMBL4080685,CCC(C)(C)C(=O)N(C)Cc1ccc(F)cc1
152,CHEMBL4090332,CCC(C)(C)C(=O)NCc1ccccc1F
153,CHEMBL4066793,CCC(C)(C)C(=O)NC(CO)c1ccccc1
154,CHEMBL4104038,CCC(C)(C)C(=O)N(C)Cc1cccc(Br)c1
155,CHEMBL4102856,CN(Cc1cc(F)cc(F)c1F)C(=O)C1(C(F)(F)F)CCCC1
156,CHEMBL4063537,CCC(C)(C)C(=O)N(C)Cc1c(F)cc(F)cc1F
157,CHEMBL4073983,CCC(C)(C)C(=O)N(C)Cc1cc(C)c(C)s1
158,CHEMBL4103563,CC1CCCC(C)N1C(=O)N(C)Cc1cc(F)cc(F)c1F
159,CHEMBL4095647,CCC(C)(C)C(=O)N(C)Cc1cccnc1
160,CHEMBL4095053,CCC(C)(C)C(=O)N(C)Cc1sccc1C
161,CHEMBL4086116,CCC(C)(C)C(=O)N(C)Cc1cccc(O)c1
162,CHEMBL4096996,CC(C)N(C(=O)N(C)Cc1cc(F)cc(F)c1F)C(C)C
163,CHEMBL4085631,CC1CCCCN1C(=O)N(C)Cc1cc(F)cc(F)c1F
164,CHEMBL4069797,CC(C)N(C)C(=O)N(C)Cc1cc(F)cc(F)c1F
165,CHEMBL4073564,CN(Cc1cc(F)cc(F)c1F)C(=O)C(C)(C)CO
166,CHEMBL4069288,CCC(C)(C)C(=O)NCc1ccccc1
167,CHEMBL4095808,CCC(C)(C)C(=O)NC1(c2ccccc2)CC1
168,CHEMBL4064968,CN(Cc1cc(F)cc(F)c1F)C(=O)C1CCC1
169,CHEMBL4080015,CCC(C)(C)C(=O)NCc1ccccc1Br
170,CHEMBL4098042,CCC(C)(C)C(=O)NCc1cccc(Br)c1
171,CHEMBL4078215,CCC(C)(C)C(=O)N(C)Cc1ccncc1F
172,CHEMBL4100395,CN(Cc1cc(F)cc(F)c1F)C(=O)C1(C)CC1
173,CHEMBL4062217,COC(C)(C)C(=O)N(C)Cc1cc(F)cc(F)c1F
174,CHEMBL4073019,CCC(C)(C)C(=O)N(C)Cc1ccccc1Cl
175,CHEMBL4077776,CCC(C)(C)C(=O)N(C)C(CO)c1ccccc1
176,CHEMBL4092903,CCC(C)(C)C(=O)N(C)Cc1ccn(C)n1
177,CHEMBL4073022,CCN(Cc1ccccc1F)C(=O)C(C)(C)CC
178,CHEMBL4065759,CCC(C)(C)C(=O)N(C)C(C)c1ccccc1
179,CHEMBL4071625,CCC(C)(C)C(=O)N(C)C(C)(C)c1ccccc1
180,CHEMBL4088080,CCC(C)(C)C(=O)NC(C)(C)c1ccccc1
181,CHEMBL4093372,CCC(C)(C)C(=O)NC(C)c1ccccc1
182,CHEMBL4067499,CCC(C)(C)C(=O)N(C)Cc1cnc(C)s1
183,CHEMBL4086110,CCC(C)(C)C(=O)N(C)Cc1ccncc1
184,CHEMBL4071864,CN1C(=O)[C@@H](NC(=O)c2n[nH]c(Cc3ccccc3)n2)COc2ccccc21
185,CHEMBL4096551,CN1C(=O)[C@@H](NC(=O)c2cnn(Cc3ccccc3)c2)COc2ccccc21
186,CHEMBL4062496,CCCCCc1cc(C(=O)N[C@H]2COc3ccccc3N(C)C2=O)no1
187,CHEMBL4098676,O=C(N[C@H]1CCOc2ccccc2NC1=O)c1cc(Cc2ccccc2)on1
188,CHEMBL4098139,CN1C(=O)[C@@H](NC(=O)c2cccc(Cc3ccccc3)c2)COc2ccccc21
189,CHEMBL4071135,CN1C(=O)[C@@H](NC(=O)c2cc(CC3CCCCC3)on2)COc2ccccc21
190,CHEMBL4088627,CN1C(=O)[C@@H](NC(=O)c2ncc(Cc3ccccc3)s2)COc2ccccc21
191,CHEMBL4080047,CN1C(=O)[C@@H](NC(=O)c2coc(Cc3ccccc3)n2)COc2ccccc21
192,CHEMBL4104281,CN1C(=O)[C@@H](NC(=O)c2c[nH]c(Cc3ccccc3)n2)COc2ccccc21
193,CHEMBL4084200,CC(C)Cc1cc(C(=O)N[C@H]2COc3ccccc3N(C)C2=O)no1
194,CHEMBL4063232,CCN1C(=O)[C@@H](NC(=O)c2cc(Cc3ccccc3)on2)COc2ccccc21
195,CHEMBL4091956,CN1C(=O)[C@@H](NC(=O)c2cc(CN3CCCCC3)on2)COc2ccccc21
196,CHEMBL4084884,O=C(N[C@H]1COc2ccccc2N(C2CC2)C1=O)c1cc(Cc2ccccc2)on1
197,CHEMBL4060280,O=C(N[C@H]1COCCNC1=O)c1cc(Cc2ccccc2)on1
198,CHEMBL4065985,O=C(N[C@@H]1CNc2ccccc2OC1)c1cc(Cc2ccccc2)on1
199,CHEMBL4088502,O=C(N[C@H]1CO[C@@H]2CCCC[C@H]2NC1=O)c1cc(Cc2ccccc2)on1
200,CHEMBL4093587,CN(C(=O)c1cc(Cc2ccccc2)on1)[C@H]1COc2ccccc2NC1=O
201,CHEMBL4080634,O=C(NC1Cc2ccccc2NC1=O)c1cc(Cc2ccccc2)on1
202,CHEMBL4074616,C[C@]1(NC(=O)c2cc(Cc3ccccc3)on2)COc2ccccc2NC1=O
203,CHEMBL4061414,Cc1cc(C(=O)N[C@H]2COc3ccccc3N(C)C2=O)no1
204,CHEMBL4067372,CN1C(=O)[C@@H](NC(=O)c2ncc(Cc3ccccc3)o2)COc2ccccc21
205,CHEMBL4093220,CN1C(=O)[C@@H](NC(=O)c2nnn(Cc3ccccc3)n2)COc2ccccc21
206,CHEMBL4096224,COC(=O)Nc1ccc2c(c1)N(C)C(=O)[C@@H](NC(=O)c1cc(Cc3ccccc3)on1)CO2
207,CHEMBL4068954,CC(=O)Nc1ccc2c(c1)N(C)C(=O)[C@@H](NC(=O)c1cc(Cc3ccccc3)on1)CO2
208,CHEMBL4060644,CN1C(=O)[C@@H](NC(=O)c2cc(Cc3ccccc3)n(C)n2)COc2ccccc21
209,CHEMBL4069318,CN1C(=O)[C@@H](NC(=O)c2cn(Cc3ccccc3)cn2)COc2ccccc21
210,CHEMBL4089558,CN1C(=O)[C@@H](NC(=O)c2cc(Cc3ccccc3)on2)COc2ccc(-c3n[nH]c(=O)o3)cc21
211,CHEMBL4099004,CN1C(=O)[C@@H](NC(=O)c2noc(Cc3ccccc3)n2)COc2ccccc21
212,CHEMBL4081685,CN1C(=O)[C@@H](NC(=O)c2cc(Cc3ccccc3)on2)COc2ccc(NS(C)(=O)=O)cc21
213,CHEMBL4065561,CN1C(=O)[C@@H](NC(=O)c2ncn(Cc3ccccc3)n2)COc2ccccc21
214,CHEMBL4088857,CN1C(=O)[C@@H](NC(=O)c2nnc(Cc3ccccc3)o2)COc2ccccc21
215,CHEMBL4080978,CN1C(=O)[C@@H](NC(=O)c2cn(Cc3ccccc3)nn2)COc2ccccc21
216,CHEMBL4099698,CN1C(=O)[C@@H](NC(=O)c2cc(Cc3ccccc3)on2)COc2ccc(-c3cc[nH]n3)cc21
217,CHEMBL4071080,CN1C(=O)[C@@H](NC(=O)c2cc(Cc3ccccc3)ccn2)COc2ccccc21
218,CHEMBL4069959,CN1C[C@H](NC(=O)c2cc(Cc3ccccc3)on2)C(=O)N(C)c2ccccc21
219,CHEMBL4075976,CN1C(=O)[C@@H](N2CCc3c(nn(Cc4ccccc4)c3Cl)C2=O)COc2ccccc21
220,CHEMBL4061975,CN1C(=O)[C@@H](N2CCc3c(nn(Cc4ccccc4)c3Cl)C2=O)COc2ccc(C#N)cc21
221,CHEMBL4100398,CN1C(=O)[C@@H](N2CCc3c(nn(Cc4ccccc4)c3Cl)C2=O)COc2cc(C#N)ccc21
222,CHEMBL4069537,CNC(=O)c1ccc2c(c1)OC[C@H](N1CCc3c(nn(Cc4ccccc4)c3Cl)C1=O)C(=O)N2C
223,CHEMBL4084681,CN1C(=O)[C@@H](N2CCc3c(nn(Cc4ccccc4)c3C#N)C2=O)COc2ccccc21
224,CHEMBL4082215,CN1C(=O)[C@@H](N2CCc3cn(Cc4c(F)cccc4F)nc3C2=O)COc2ccccc21
225,CHEMBL4090975,CN1C(=O)[C@@H](N2CCc3cn(Cc4ccccc4F)nc3C2=O)COc2ccccc21
226,CHEMBL4075705,CN1C(=O)[C@@H](N2CCc3cn(Cc4c(F)cccc4F)nc3C2=O)COc2cc(C#N)ccc21
227,CHEMBL4102622,CN1C(=O)[C@@H](N2CCc3c(nn(Cc4ccccc4)c3C(N)=O)C2=O)COc2ccccc21
228,CHEMBL4064701,Cc1c2c(nn1Cc1ccccc1)C(=O)N([C@H]1COc3ccccc3N(C)C1=O)CC2
229,CHEMBL4085728,CN1C(=O)[C@@H](N2CCc3cn(Cc4ccccc4F)nc3C2=O)COc2cc(C#N)ccc21
230,CHEMBL4073321,CN(C)C(=O)c1ccc2c(c1)OC[C@H](N1CCc3c(nn(Cc4ccccc4)c3Cl)C1=O)C(=O)N2C
231,CHEMBL4088216,CN1C(=O)[C@@H](N2CCc3cn(Cc4ccccc4)nc3C2=O)COc2ccccc21
232,CHEMBL4071690,CN1C(=O)[C@@H](N2CCc3cn(Cc4cccc(F)c4)nc3C2=O)COc2ccccc21
233,CHEMBL4098708,CN1C(=O)[C@@H](N2CCc3cn(Cc4ccc(F)cc4)nc3C2=O)COc2ccccc21
234,CHEMBL4060308,CN1C(=O)[C@@H](N2CCc3cn(CC4CCC4)nc3C2=O)COc2ccccc21
235,CHEMBL4090065,CN1C(=O)[C@@H](N2CCc3cn(Cc4cccnc4)nc3C2=O)COc2ccccc21
236,CHEMBL4076592,CN1C(=O)[C@@H](N2CCc3cn(Cc4ccccn4)nc3C2=O)COc2ccccc21
237,CHEMBL4100309,CN1C(=O)[C@@H](N2CCn3nc(Cc4ccccc4)nc3C2=O)COc2ccccc21
238,CHEMBL4077039,O=[N+]([O-])c1ccc2[nH]c(Cc3ccccc3)nc2c1
239,CHEMBL4066941,CN1C(=O)[C@@H](N2CCn3cc(Cc4ccccc4)nc3C2=O)COc2ccccc21
240,CHEMBL4082291,CN1C(=O)[C@@H](N2CCc3[nH]c(Cc4ccccc4)nc3C2=O)COc2ccccc21
241,CHEMBL4063075,CN1C(=O)[C@@H](N2CCc3nn(Cc4ccccc4)cc3C2=O)COc2ccccc21
242,CHEMBL4079755,CN1C(=O)[C@@H](N2CCc3cn(CC4CCS(=O)(=O)C4)nc3C2=O)COc2ccccc21
243,CHEMBL4097778,CN1C(=O)[C@@H](N2CCc3cn(CC4CCS(=O)(=O)CC4)nc3C2=O)COc2ccccc21
244,CHEMBL4090723,Cc1cc(Nc2cc(N3CCOCC3)nc(Nc3ccc(NC(=O)C4CC4)cc3)n2)n[nH]1
245,CHEMBL4105556,Cc1cc(Nc2cc(N3CCN(C)CC3)nc(Nc3ccc(NC(=O)C4CC4)cc3)n2)n[nH]1
246,CHEMBL4069729,Cc1cc(Nc2cc(N3CCCCC3)nc(Nc3ccc(NC(=O)C4CC4)cc3)n2)n[nH]1
247,CHEMBL381230,CN1C(=O)NC(Cc2c[nH]c3c(Cl)cccc23)C1=O
248,CHEMBL4064515,Cc1cc(Nc2nc(Sc3ccc(NC(=O)C4CCCCC4)cc3)nc(N3CCN(C)CC3)n2)n[nH]1
249,CHEMBL4292454,CC(C)n1cc(-c2ccc3c(c2)CCN3C(=O)Cc2cccc(OC(F)(F)F)c2)c2c(N)ncnc21
250,CHEMBL4290735,CCCCn1cc(-c2ccc3c(c2)CCN3C(=O)Cc2cccc(OC(F)(F)F)c2)c2c(N)ncnc21
251,CHEMBL4279118,Cn1nc(-c2ccc3c(c2)CCN3C(=O)Cc2cccc(OC(F)(F)F)c2)c2c(N)ncnc21
252,CHEMBL4281823,CCn1cc(-c2ccc3c(c2)CCN3C(=O)Cc2cccc(OC(F)(F)F)c2)c2c(N)ncnc21
253,CHEMBL4290948,Cn1cc(-c2ccc3c(c2)CCN3C(=O)Cc2cccc(OC(F)(F)F)c2)c2c(N)ncnc21
254,CHEMBL4289355,Cn1nc(-c2ccc3c(c2)CCN3C(=O)Cc2cccc(C(F)(F)F)c2)c2c(N)ncnc21
255,CHEMBL4285969,Cn1nc(-c2ccc3c(c2)CCN3C(=O)CCc2cccc(C(F)(F)F)c2)c2c(N)ncnc21
256,CHEMBL4292027,Cn1nc(-c2ccc3c(c2)CCN3C(=O)Cc2cc(F)cc(C(F)(F)F)c2)c2c(N)ncnc21
257,CHEMBL4289802,Cn1nc(-c2ccc3c(c2)CCN3C(=O)Cc2cccc(Br)c2)c2c(N)ncnc21
258,CHEMBL4283766,Cn1nc(-c2ccc3c(c2)CCN3C(=O)Cc2ccc(Cl)c(C(F)(F)F)c2)c2c(N)ncnc21
259,CHEMBL4292726,CCCn1cc(-c2ccc3c(c2)CCN3C(=O)Cc2cccc(OC(F)(F)F)c2)c2c(N)ncnc21
260,CHEMBL4278044,Cn1nc(-c2ccc3c(c2)CCN3C(=O)Nc2cccc(C(F)(F)F)c2)c2c(N)ncnc21
261,CHEMBL4290430,Cn1nc(-c2ccc(NC(=O)Cc3cccc(C(F)(F)F)c3)cc2F)c2c(N)ncnc21
262,CHEMBL4283246,Cc1cccc(CC(=O)N2CCc3cc(-c4nn(C)c5ncnc(N)c45)ccc32)c1
263,CHEMBL4289381,Cn1nc(-c2ccc3c(c2)CCN3C(=O)Cc2cccc(Cl)c2)c2c(N)ncnc21
264,CHEMBL4281501,Cn1nc(-c2ccc3c(c2)CCN3C(=O)Cc2cccc(F)c2)c2c(N)ncnc21
265,CHEMBL4291229,Cn1nc(-c2ccc(NC(=O)Cc3cccc(C(F)(F)F)c3)cc2)c2c(N)ncnc21
266,CHEMBL4287016,Cn1nc(-c2ccc(NC(=O)Cc3cccc(C(F)(F)F)c3)c(F)c2)c2c(N)ncnc21
267,CHEMBL4279092,Cn1nc(-c2ccc(NC(=O)Cc3cccc(C(F)(F)F)c3)c(Cl)c2)c2c(N)ncnc21
268,CHEMBL4289311,COCCn1cc(-c2ccc3c(c2)CCN3C(=O)Cc2cccc(OC(F)(F)F)c2)c2c(N)ncnc21
269,CHEMBL4285949,CCc1cc(-c2nn(C)c3ncnc(N)c23)ccc1NC(=O)Cc1cccc(C(F)(F)F)c1
270,CHEMBL4282588,COc1cccc(CC(=O)N2CCc3cc(-c4nn(C)c5ncnc(N)c45)ccc32)c1
271,CHEMBL4290879,Cn1nc(-c2ccc3c(c2)CCN3C(=O)Cc2ccc(C(F)(F)F)cc2)c2c(N)ncnc21
272,CHEMBL4282562,Cc1cc(-c2nn(C)c3ncnc(N)c23)ccc1NC(=O)Cc1cccc(C(F)(F)F)c1
273,CHEMBL4283005,Cn1nc(-c2ccc3c(c2)CCN3C(=O)Cc2cccc(C#N)c2)c2c(N)ncnc21
274,CHEMBL4284148,Cn1nc(-c2ccc3c(c2)CCN3C(=O)Cc2cc(C(F)(F)F)cc(C(F)(F)F)c2)c2c(N)ncnc21
275,CHEMBL4287519,Cn1nc(-c2ccc3c(c2)CCN3C(=O)Cc2ccc(Br)cc2)c2c(N)ncnc21
276,CHEMBL4293838,COc1cc(-c2nn(C)c3ncnc(N)c23)ccc1NC(=O)Cc1cccc(C(F)(F)F)c1
277,CHEMBL4280312,Cn1cc(-c2ccc3c(c2)CCN3C(=O)Cc2cccc(OC(F)(F)F)c2)c2cncnc21
278,CHEMBL4278688,CC(C)c1cc(-c2nn(C)c3ncnc(N)c23)ccc1NC(=O)Cc1cccc(C(F)(F)F)c1
279,CHEMBL4294339,Cn1nc(-c2ccc3c(c2)CCN3C(=O)Cc2cccc(OC(F)(F)F)c2)c2cncnc21
280,CHEMBL4276878,Cn1nc(-c2ccc3c(c2)CCN3C(=O)Cc2ccc(Cl)cc2)c2c(N)ncnc21
281,CHEMBL4292771,C[C@H](C(=O)N1CCc2cc(-c3nn(C)c4ncnc(N)c34)ccc21)c1ccccc1
282,CHEMBL4282159,C[C@@H](C(=O)N1CCc2cc(-c3nn(C)c4ncnc(N)c34)ccc21)c1ccccc1
283,CHEMBL4554676,CN1C(=O)[C@@H](NC(=O)c2n[nH]c(Cc3ccccc3)n2)CCc2ccccc21
284,CHEMBL4453758,CN1C(=O)[C@@H](NC(=O)c2n[nH]c(Cc3ccccc3)n2)CCc2cc(F)cc(F)c21
285,CHEMBL4452233,O=C(N[C@H]1CCc2cc(F)cc(F)c2NC1=O)c1n[nH]c(Cc2ccccc2)n1
286,CHEMBL4068352,O=C(N[C@H]1COc2ccccc2NC1=O)c1n[nH]c(Cc2ccccc2)n1
287,CHEMBL4470945,O=C(N[C@H]1CCc2ccccc2NC1=O)c1n[nH]c(Cc2ccccc2)n1
288,CHEMBL4536697,CN1C(=O)[C@@H](NC(=O)c2n[nH]c(Cc3ccccc3)n2)COc2cc(F)cc(F)c21
289,CHEMBL4514271,N#Cc1cc(N2CCC(C(=O)N3N=CC[C@H]3c3cc(F)cc(F)c3)CC2)ncn1
290,CHEMBL4522283,O=C(N[C@H]1CNc2cccc(F)c2NC1=O)c1nnc(Cc2ccccc2F)[nH]1
291,CHEMBL4438217,O=C(N[C@H]1CNc2cc(Cl)ccc2NC1=O)c1nnc(Cc2ccccc2)[nH]1
292,CHEMBL4461132,CN1C(=O)[C@@H](NC(=O)c2n[nH]c(Cc3ccccc3F)n2)CNc2ccccc21
293,CHEMBL4470115,Nc1ccc(C#Cc2c(Oc3ccc(NC(=O)c4cccn(-c5ccc(F)cc5)c4=O)cc3F)ccnc2N)nc1
294,CHEMBL4434926,Cc1ccc(COC(=O)Nc2cc(-c3cc4c([nH]3)CCNC4=O)ccn2)cc1
295,CHEMBL4455682,O=C(Nc1ccc(Oc2ccnc(NC(=O)C3CC3)c2)c(F)c1)c1cccn(-c2ccc(F)cc2)c1=O
296,CHEMBL4476485,Cc1cc(NC(=O)c2cccn(-c3ccc(F)cc3)c2=O)ccc1Oc1ccnc(NC(=O)C2CC2)c1
297,CHEMBL509101,O=C(Nc1ccc(Oc2ccnc3[nH]ccc23)c(F)c1)c1cccn(-c2ccc(F)cc2)c1=O
298,CHEMBL4551490,Cc1c(NC(=O)c2cccn(-c3ccc(F)cc3)c2=O)ccc(Oc2ccnc(NC(=O)C3CC3)c2)c1C
299,CHEMBL4476076,Cc1cc(NC(=O)c2cccn(-c3ccc(F)cc3)c2=O)cc(C)c1Oc1ccnc(NC(=O)C2CC2)c1
300,CHEMBL4572309,O=C(Nc1ccc(Oc2ccncc2)c(F)c1)c1cccn(-c2ccc(F)cc2)c1=O
301,CHEMBL4468222,O=C(Nc1ccc(Oc2ccncc2)c(F)c1)c1cccc(-c2ccc(F)cc2)c1
302,CHEMBL4438939,O=C(Nc1ccc(Oc2ccncc2)c2ccccc12)c1cccn(-c2ccc(F)cc2)c1=O
303,CHEMBL4542026,Cc1cc(NC(=O)c2cccn(-c3ccc(F)cc3)c2=O)cc(C)c1Oc1ccncc1
304,CHEMBL4552106,CC#Cc1c(Oc2ccc(NC(=O)c3cccn(-c4ccc(F)cc4)c3=O)cc2F)ccnc1N
305,CHEMBL4434881,Cc1c(NC(=O)c2cccn(-c3ccc(F)cc3)c2=O)ccc(Oc2ccncc2)c1C
306,CHEMBL4594130,O=C(C1CCN(c2ccccc2)CC1)N1N=CC[C@H]1c1ccccc1
307,CHEMBL4467752,CC(C)(C)C(=O)N1N=CCC1C1CCCC1
308,CHEMBL4472572,CC(C)(C)C(=O)N1N=CCC1C1CCOCC1
309,CHEMBL4436215,Cc1ccc(C2CC=NN2C(=O)C(C)(C)C)cc1
310,CHEMBL4452678,O=C(c1ccncc1)N1N=CCC1c1ccccc1
311,CHEMBL4588685,O=C(c1ccccc1)N1CCC(C(=O)N2N=CCC2c2ccccc2)CC1
312,CHEMBL4454881,Cc1nnc(N2CCC(C(=O)N3N=CC[C@H]3c3ccccc3)CC2)o1
313,CHEMBL4436131,O=C(C1CCC1)N1N=CCC1c1ccccc1
314,CHEMBL4514028,Cc1ccc(C2CC=NN2C(=O)C(C)(C)C)cc1F
315,CHEMBL4544356,CC(C)(C)C(=O)N1N=CCC1c1ccccn1
316,CHEMBL4450890,N#Cc1cnc(N2CCC(C(=O)N3N=CC[C@H]3c3cc(F)cc(F)c3)CC2)cn1
317,CHEMBL4474937,O=C(C1CCOC1)N1N=CCC1c1ccccc1
318,CHEMBL4526661,CCC(=O)N1CCC(C(=O)N2N=CCC2c2ccccc2)CC1
319,CHEMBL4576386,CC(C)(C)C(=O)N1N=CCC1c1ccc(Cl)cc1
320,CHEMBL4533161,CC(C)(C)C(=O)N1N=CCC1c1ccc(C(C)(C)C)cc1
321,CHEMBL4561445,N#Cc1ccc(N2CCC(C(=O)N3N=CC[C@H]3c3cc(F)cc(F)c3)CC2)nn1
322,CHEMBL4524420,O=C(c1cn[nH]c1)N1CCC(C(=O)N2N=CCC2c2ccccc2)CC1
323,CHEMBL4452768,CN1CCC(C2CC=NN2C(=O)C(C)(C)C)CC1
324,CHEMBL4457026,O=C(C1CCCC1)N1N=CCC1c1ccccc1
325,CHEMBL4519892,O=C(c1ccccn1)N1N=CCC1c1ccccc1
326,CHEMBL4541955,N#Cc1nccc(N2CCC(C(=O)N3N=CC[C@H]3c3cc(F)cc(F)c3)CC2)n1
327,CHEMBL4548784,O=C(c1cnco1)N1CCC(C(=O)N2N=CC[C@H]2c2ccccc2)CC1
328,CHEMBL4448942,O=C(C1CCCCC1)N1CCC(C(=O)N2N=CCC2c2ccccc2)CC1
329,CHEMBL4590117,CC(C)(C)C(=O)N1N=CCC1C1CCCCC1
330,CHEMBL4554458,O=C(c1cccnc1)N1N=CCC1c1ccccc1
331,CHEMBL4593226,CC(C)(C)C(=O)N1N=CCC1c1cc(F)cc(F)c1
332,CHEMBL4448908,CC(C)(C)C(=O)N1N=CCC1c1ccncc1
333,CHEMBL4548719,O=C(c1cccnc1)N1CCC(C(=O)N2N=CCC2c2ccccc2)CC1
334,CHEMBL4527680,CN1CCC(C(=O)N2N=CCC2c2ccccc2)CC1
335,CHEMBL4552893,O=C(c1cscn1)N1CCC(C(=O)N2N=CC[C@H]2c2ccccc2)CC1
336,CHEMBL4553214,CC(=O)N1CCC(C(=O)N2N=CCC2c2ccccc2)CC1
337,CHEMBL4565985,O=C(C1CCN(c2ccccc2)CC1)N1N=CCC1c1ccccc1
338,CHEMBL4446928,CC(C)(C)C(=O)N1N=CCC1c1c[nH]cn1
339,CHEMBL4451628,CC(C)(CO)C(=O)N1N=CCC1c1ccccc1
340,CHEMBL4564157,O=C(c1ccccc1)N1N=CCC1c1ccccc1
341,CHEMBL4436896,CC(C)(C)C(=O)N1N=CCC1c1ccc(S(C)(=O)=O)cc1
342,CHEMBL4446523,CC(C)(C)C(=O)N1N=CCC1c1cccnc1
343,CHEMBL4463322,O=C(C1CCN(C(=O)C(F)(F)F)CC1)N1N=CCC1c1ccccc1
344,CHEMBL4446758,CC(C)(C)C(=O)N1N=CCC1c1cc[nH]n1
345,CHEMBL4556131,CC(C)(C)C(=O)N1N=CCC1c1cccc(Cl)c1
346,CHEMBL4471642,O=C(C1CCCCC1)N1N=CCC1c1ccccc1
347,CHEMBL4440532,CC(C)(C)C(=O)N1N=CCC1c1cocn1
348,CHEMBL4474301,O=C(C1CCOCC1)N1N=CCC1c1ccccc1
349,CHEMBL4474320,CC(=O)N1CCC(C(=O)N2N=CC[C@H]2c2ccccc2)CC1
350,CHEMBL4537171,CC(C)(C)C(=O)N1N=CCC1c1cccc(F)c1
351,CHEMBL4437098,CC(C)(CN)C(=O)N1N=CCC1c1ccccc1
352,CHEMBL4584779,O=C(c1cocn1)N1CCC(C(=O)N2N=CCC2c2ccccc2)CC1
353,CHEMBL4454462,O=C(C1CCN(c2ccccn2)CC1)N1N=CC[C@H]1c1ccccc1
354,CHEMBL4556751,O=C(C1CCN(c2cccnn2)CC1)N1N=CC[C@H]1c1ccccc1
355,CHEMBL4465743,O=C(c1c[nH]nn1)N1CCC(C(=O)N2N=CCC2c2ccccc2)CC1
356,CHEMBL4545939,Cc1nnc(N2CCC(C(=O)N3N=CC[C@H]3c3cc(F)cc(F)c3)CC2)o1
357,CHEMBL4519627,CC(C)C(=O)N1N=CCC1c1ccccc1
358,CHEMBL4575848,O=C(c1ccccn1)N1CCC(C(=O)N2N=CCC2c2ccccc2)CC1
359,CHEMBL4443534,O=C(C1CCN(c2ccncn2)CC1)N1N=CC[C@H]1c1ccccc1
360,CHEMBL4583157,O=C(c1cc[nH]n1)N1CCC(C(=O)N2N=CCC2c2ccccc2)CC1
361,CHEMBL4455042,O=C(C1CCN(c2ncccn2)CC1)N1N=CC[C@H]1c1ccccc1
362,CHEMBL4521353,CC(C)(C)C(=O)N1N=CC[C@H]1c1ccccc1
363,CHEMBL4446915,CC(C)(C)C(=O)N1N=CCC1c1ccccc1
364,CHEMBL4540090,CC(C)(C)C(=O)N1CCC1c1ccccc1
365,CHEMBL1580000,O=C(Nc1cccc(Cl)c1)N1N=CCC1c1ccccc1
366,CHEMBL4545356,CC1=NN(C(=O)C(C)(C)C)[C@H](c2ccccc2)C1
367,CHEMBL4438495,CC(C)(C)C(=O)N1CCCC1c1cccc(F)c1
368,CHEMBL4437641,C[C@@H]1C=NN(C(=O)C(C)(C)C)[C@@H]1c1ccccc1
369,CHEMBL4584741,CC(C)(C)C(=O)N1CCCC1c1ccccc1
370,CHEMBL4455695,CC(C)(C)C(=O)N1CCSC1c1ccccc1
371,CHEMBL4442060,CC(C)(C)C(=O)N1N=CC[C@@H]1c1ccccc1
372,CHEMBL4464244,CC(C)(C)C(=O)N1CCOCC1c1ccccc1
373,CHEMBL4463613,CC(C)(C)C(=O)n1nccc1-c1ccccc1
374,CHEMBL4555675,CN1CCN(C(=O)C(C)(C)C)C(c2ccccc2)C1
375,CHEMBL4577829,CC(C)(C)C(=O)N1CCCCC1c1ccccc1
376,CHEMBL4458681,CC(C)(C)C(=O)N1CCNCC1c1ccccc1
377,CHEMBL4455611,COc1ccc2c(c1)CC[C@H](NC(=O)c1nc3n(n1)[C@H](c1ccccc1)CC3)C(=O)N2C
378,CHEMBL4464023,CC(=O)Nc1nc2ccc(-c3cnc(C)c(CC(=O)OC4CCCCC4)c3)cc2s1
379,CHEMBL4453780,CC(=O)Nc1nc2ccc(-c3cnc(Cl)c(CC(=O)Cc4ccccc4)c3)cc2s1
380,CHEMBL1171837,Cc1ccc(C(=O)Nc2ccc(CN3CCN(C)CC3)c(C(F)(F)F)c2)cc1C#Cc1cnc2cccnn12
381,CHEMBL4464634,Cc1ccc(CCCCN2C(=O)N[C@H](Cc3c[nH]c4c(Cl)cccc34)C2=O)cc1C#Cc1cnc2cccnn12
382,CHEMBL2171124,Cn1cc(-c2ccc3c(c2)CCN3C(=O)Cc2cccc(C(F)(F)F)c2)c2c(N)ncnc21
383,CHEMBL2441342,Cn1cc(-c2ccc3c(c2F)CCN3C(=O)Cc2cccc(C(F)(F)F)n2)c2c(N)ncnc21
384,CHEMBL4439426,Oc1ccc(-c2cc3cccnc3[nH]2)cc1
385,CHEMBL4534082,COc1cc(O)c2c(c1)OC(O)(c1ccc(OCc3ccccc3)cc1)CC2=O
386,CHEMBL4440337,Nc1nccnc1C(=O)O[C@@H](C(=O)Nc1ccc(F)cc1)c1ccccc1
387,CHEMBL4439913,CNC(=O)c1ccc2c(c1)ncn2-c1ccc(CC(=O)OC(C)(C)C)cc1
388,CHEMBL4469781,CC(C)S(=O)(=O)c1ccc2nccc(Nc3ccc4ncsc4c3)c2c1
389,CHEMBL4441118,Cc1cc(-c2cnc(N)c3c(-c4ccc5scnc5c4)csc23)n(C)n1
390,CHEMBL4474235,Cc1ccc(Oc2ccnc3cc(-c4cnn(C5CCCCC5)c4)ccc23)cc1
391,CHEMBL395358,Cc1ccc(O)cc1Nc1ccnc2cc(-c3ccccn3)ccc12
392,CHEMBL2028663,CC(C)(C)c1nc(-c2cccc(NS(=O)(=O)c3c(F)cccc3F)c2F)c(-c2ccnc(N)n2)s1
393,CHEMBL4438748,CN(C)c1ccc(C(=O)Nc2cccc(NC(=O)COc3ccc4c(=O)ccoc4c3)c2)cc1
394,CHEMBL4439346,O=C(Cc1cccc(OC(F)(F)F)c1)Nc1cc(Oc2ccc3nc(NC(=O)C4CC4)sc3c2)ccc1F
395,CHEMBL4540715,O=C(Cc1cccc(C(F)(F)F)c1)Nc1cc(Oc2ccc3nc(NC(=O)C4CC4)sc3c2)ccc1F
396,CHEMBL4575736,O=C(Cc1cccc(C(F)(F)F)n1)Nc1cc(Oc2ccc3nc(NC(=O)C4CC4)sc3c2)ccc1F
397,CHEMBL4464579,COc1cccc(CC(=O)Nc2cc(Oc3ccc4nc(NC(=O)C5CC5)sc4c3)ccc2F)c1
398,CHEMBL4444744,Cc1cccc(CC(=O)Nc2cc(Oc3ccc4nc(NC(=O)C5CC5)sc4c3)ccc2F)c1
399,CHEMBL3125890,N#Cc1c(Oc2ccc(F)c(NC(=O)Cc3cccc(C(F)(F)F)c3)c2)ccc2nc(NC(=O)C3CC3)sc12
400,CHEMBL4553409,O=C(Cc1cccc(C(F)(F)F)c1F)Nc1cc(Oc2ccc3nc(NC(=O)C4CC4)sc3c2)ccc1F
401,CHEMBL4439279,O=C(CCc1cccc(C(F)(F)F)c1)Nc1cc(Oc2ccc3nc(NC(=O)C4CC4)sc3c2)ccc1F
402,CHEMBL4438227,O=C(Cc1ccc(F)c(C(F)(F)F)c1)Nc1cc(Oc2ccc3nc(NC(=O)C4CC4)sc3c2)ccc1F
403,CHEMBL4590158,O=C(Cc1cccc([N+](=O)[O-])c1)Nc1cc(Oc2ccc3nc(NC(=O)C4CC4)sc3c2)ccc1F
404,CHEMBL4573380,N#Cc1cccc(CC(=O)Nc2cc(Oc3ccc4nc(NC(=O)C5CC5)sc4c3)ccc2F)c1
405,CHEMBL4469480,O=C(Cc1ccc2c(c1)OCO2)Nc1cc(Oc2ccc3nc(NC(=O)C4CC4)sc3c2)ccc1F
406,CHEMBL4550952,Cc1ccc(CC(=O)Nc2cc(Oc3ccc4nc(NC(=O)C5CC5)sc4c3)ccc2F)cc1C
407,CHEMBL4440432,Cc1cccc(NC(=O)Nc2cc(Oc3ccc4nc(NC(=O)C5CC5)sc4c3)ccc2F)c1
408,CHEMBL4594113,COc1cccc(NC(=O)Nc2cc(Oc3ccc4nc(NC(=O)C5CC5)sc4c3)ccc2F)c1
409,CHEMBL4525593,Cn1cc(CC(=O)Nc2cc(Oc3ccc4nc(NC(=O)C5CC5)sc4c3)ccc2F)c2ccccc21
410,CHEMBL4548552,CC(=O)c1cccc(NC(=O)Nc2cc(Oc3ccc4nc(NC(=O)C5CC5)sc4c3)ccc2F)c1
411,CHEMBL4465561,O=C(Nc1cccc(Br)c1)Nc1cc(Oc2ccc3nc(NC(=O)C4CC4)sc3c2)ccc1F
412,CHEMBL4454319,CCOC(=O)c1cccc(NC(=O)Nc2cc(Oc3ccc4nc(NC(=O)C5CC5)sc4c3)ccc2F)c1
413,CHEMBL4761749,CN1C(=O)[C@@H](NC(=O)c2n[nH]c3ccc(C(F)(F)F)cc23)COc2ccccc21
414,CHEMBL4795841,CN1C(=O)[C@@H](NC(=O)c2ncn3ccc(C(F)(F)F)cc23)COc2ccccc21
415,CHEMBL4785812,CN1C(=O)[C@@H](NC(=O)c2n[nH]c3ncc(C(F)(F)C(F)(F)F)cc23)COc2ccccc21
416,CHEMBL4790507,CN1C(=O)[C@@H](NC(=O)c2n[nH]c3c2C[C@H](C(F)(F)F)CC3)COc2ccccc21
417,CHEMBL4788837,C[C@@H]1CCc2[nH]nc(C(=O)N[C@H]3COc4ccccc4N(C)C3=O)c2C1
418,CHEMBL4783819,CN1C(=O)[C@@H](NC(=O)c2n[nH]c3c2CC(C)(C)CC3)COc2ccccc21
419,CHEMBL4779136,CN1C(=O)[C@@H](NC(=O)c2n[nH]c3c2C[C@H](C(C)(C)C)CC3)COc2ccccc21
420,CHEMBL4746817,CC(C)c1cnc2[nH]nc(C(=O)N[C@H]3COc4ccccc4N(C)C3=O)c2c1
421,CHEMBL4793776,CN1C(=O)[C@@H](NC(=O)c2nn(C)c3c2C[C@H](C(F)(F)F)CC3)COc2ccccc21
422,CHEMBL4764530,CN1C(=O)[C@@H](NC(=O)c2nnn3c2C[C@H](C(F)(F)F)CC3)COc2ccccc21
423,CHEMBL4783919,CN1C(=O)[C@@H](NC(=O)c2nnc3ccc(C(F)(F)C(F)(F)F)nn23)COc2ccccc21
424,CHEMBL4740099,CN1C(=O)[C@@H](NC(=O)c2n[nH]c3ncc(C(F)(F)F)cc23)COc2ccccc21
425,CHEMBL4761296,C[C@H]1CCc2[nH]nc(C(=O)N[C@H]3COc4ccccc4N(C)C3=O)c2C1
426,CHEMBL4790658,CN1C(=O)[C@@H](NC(=O)c2nnc3ccc(C(F)(F)F)nn23)COc2ccccc21
427,CHEMBL4747732,CN1C(=O)[C@@H](NC(=O)c2n[nH]c3c2CCCC3)COc2ccccc21
428,CHEMBL4749885,CN1C(=O)[C@@H](NC(=O)c2n[nH]c3c2CCC2(CC2)C3)COc2ccccc21
429,CHEMBL4764542,CN1C(=O)[C@@H](NC(=O)c2n[nH]c3c2CCC(C)(C)C3)COc2ccccc21
430,CHEMBL4749893,CN1C(=O)[C@@H](NC(=O)c2nnc[nH]2)COc2ccccc21
431,CHEMBL4776698,CCCCNc1nc2ccc([N+](=O)[O-])cc2[nH]1
432,CHEMBL4784995,O=[N+]([O-])c1ccc2nc(NC3CCCCC3)[nH]c2c1
433,CHEMBL4797106,CC(C)CNc1nc2ccc([N+](=O)[O-])cc2[nH]1
434,CHEMBL4785154,O=[N+]([O-])c1ccc2nc(Nc3ccccc3)[nH]c2c1
435,CHEMBL4782744,Clc1ccc2nc(NC3CCCCC3)[nH]c2c1
436,CHEMBL4796622,CCCCNc1nc2cc([N+](=O)[O-])ccc2s1
437,CHEMBL4790129,CCCCNc1nc2ccc([N+](=O)[O-])cc2s1
438,CHEMBL4786704,CCCCNc1nc2cc(C(F)(F)F)cc(Br)c2[nH]1
439,CHEMBL4780623,COC(=O)c1cccc2nc(NC3CCCCC3)[nH]c12
440,CHEMBL4799016,CCCNc1nc2ccc([N+](=O)[O-])cc2[nH]1
441,CHEMBL4787708,CCCCNc1nc2cccc(C(=O)OC)c2[nH]1
442,CHEMBL4778912,CC(C)Nc1nc2ccc([N+](=O)[O-])cc2[nH]1
443,CHEMBL4861646,O=S1(=O)CC2(OCCO2)c2cc3nccc(Nc4ccc5scnc5c4)c3cc21
444,CHEMBL4850219,CC1(C)C[C@@H]1C(=O)Nc1nc2ccc(Oc3ccc(F)c(NC(=O)Cc4cccc(C(F)(F)F)c4)c3)cc2s1
445,CHEMBL4860842,CC1(C)CC1C(=O)Nc1nc2ccc(Oc3ccc(F)c(NC(=O)Cc4cccc(C(F)(F)F)c4)c3)cc2s1
446,CHEMBL4869920,CC1(C)C[C@H]1C(=O)Nc1nc2ccc(Oc3ccc(F)c(NC(=O)Cc4cccc(C(F)(F)F)c4)c3)cc2s1
447,CHEMBL4549667,CN1C(=O)[C@@H](N2CCc3c(nn(Cc4ccccc4)c3Br)C2=O)COc2ccccc21
448,CHEMBL5093571,O=C(N1CC(Oc2ccccc2)C1)N1N=CC[C@H]1c1ccccc1
449,CHEMBL5086676,O=C(N1CC(Oc2ccccc2F)C1)N1N=CC[C@H]1c1cc(F)cc(F)c1
450,CHEMBL5094839,O=C(N1CC(Oc2ccccc2)C1)N1N=CC[C@H]1c1cc(F)cc(F)c1
451,CHEMBL5086705,C[C@H]1[C@@H](Oc2ccc(F)cc2)CN1C(=O)N1N=CC[C@H]1c1ccc(Cl)cc1
452,CHEMBL5093043,O=C(c1ccccc1)C1CN(C(=O)N2N=CC[C@H]2c2cc(F)cc(F)c2)C1
453,CHEMBL5089545,O=C(N1CC(Sc2ccc(Br)cc2)C1)N1N=CC[C@H]1c1cc(F)cc(F)c1
454,CHEMBL5083542,Cc1ncc(-c2ccc3nc(NC(=O)C4CC4)sc3c2)cc1NC(=O)OC1CCOCC1
